content,url,title,time
经典栈溢出之MS060-040漏洞分析,http://www.cnblogs.com/qiyeboy/p/7521172.html,经典栈溢出之MS060-040漏洞分析,2017年9月14日
练手之经典病毒熊猫烧香分析(上),http://www.cnblogs.com/qiyeboy/p/7400970.html,练手之经典病毒熊猫烧香分析(上),2017年8月20日
《撸轮子系列》之LoadPE,http://www.cnblogs.com/qiyeboy/p/7354246.html,《撸轮子系列》之LoadPE,2017年8月13日
CoolBlog开发笔记第4课:数据库模型设计,http://www.cnblogs.com/qiyeboy/p/7079462.html,CoolBlog开发笔记第4课:数据库模型设计,2017年6月26日
CoolBlog开发笔记第3课:创建Django应用,http://www.cnblogs.com/qiyeboy/p/7077981.html,CoolBlog开发笔记第3课:创建Django应用,2017年6月25日
CoolBlog开发笔记第2课:搭建开发环境,http://www.cnblogs.com/qiyeboy/p/7072518.html,CoolBlog开发笔记第2课:搭建开发环境,2017年6月24日
CoolBlog开发笔记第1课:项目分析,http://www.cnblogs.com/qiyeboy/p/7070135.html,CoolBlog开发笔记第1课:项目分析,2017年6月23日
纯手工打造简单分布式爬虫(Python),http://www.cnblogs.com/qiyeboy/p/7016540.html,纯手工打造简单分布式爬虫(Python),2017年6月15日
"“永恒之蓝""漏洞的紧急应对--毕业生必看",http://www.cnblogs.com/qiyeboy/p/6848935.html,"“永恒之蓝""漏洞的紧急应对--毕业生必看",2017年5月13日
从多项式相加看线性结构,http://www.cnblogs.com/qiyeboy/p/6839318.html,从多项式相加看线性结构,2017年5月11日
